{"games_played": 82, "season": 2010, "min": "37:03", "pts": 18.79, "fg3a": 0.04, "fg3m": 0.01, "fg2a": 13.620000000000001, "fg2m": 7.220000000000001, "fta": 5.24, "ftm": 4.32, "ast": 3.33, "stl": 0.59, "turnover": 1.73, "reb": 10.2, "dreb": 6.93, "oreb": 3.27, "blk": 1.59, "pf": 2.48}