{"games_played": 5, "season": 2019, "min": "27:51", "pts": 20.8, "fg3a": 9.8, "fg3m": 2.4, "fg2a": 6.599999999999998, "fg2m": 4.199999999999999, "fta": 5.2, "ftm": 5.2, "ast": 6.6, "stl": 1.0, "turnover": 3.2, "reb": 5.4, "dreb": 4.6, "oreb": 0.8, "blk": 0.4, "pf": 2.2}