{"games_played": 65, "season": 2021, "min": "34:18", "pts": 25.28, "fg3a": 11.63, "fg3m": 4.43, "fg2a": 7.339999999999998, "fg2m": 3.8599999999999994, "fta": 4.62, "ftm": 4.26, "ast": 6.29, "stl": 1.34, "turnover": 3.23, "reb": 5.23, "dreb": 4.71, "oreb": 0.52, "blk": 0.34, "pf": 2.0}